Country,Subdivision,Title,Author(s),Year published,Year banned,Year unbanned,Type,Notes,Author,Year published (South Korea)
Albania,<NA>,Përbindëshi (The Monster) (1965),Ismail Kadare,1965–1990,<NA>,<NA>,Novel,Banned for 25 years in Albania.[1],,
Argentina,<NA>,Lolita,Vladimir Nabokov,1955,<NA>,<NA>,Novel,"Banned for being ""obscene"".[2]",,
Australia,<NA>,The Decameron,Giovanni Boccaccio,1353,1927,1936,Story collection,Banned in Australia from 1927 to 1936 and from 1938 to 1973.[3],,
Australia,<NA>,The Decameron,Giovanni Boccaccio,1353,1938,1973,Story collection,Banned in Australia from 1927 to 1936 and from 1938 to 1973.[3],,
Australia,<NA>,The 120 Days of Sodom (1789),Marquis de Sade,1789,1957,*Unknown*,Novel,Banned by the Australian Government in 1957 for obscenity.[4],,
Australia,<NA>,Droll Stories,Honoré de Balzac,1837,1901,1923,Short stories,Banned for obscenity from 1901 to 1923 and from 1928 to c. 1973.[5][6],,
Australia,<NA>,Droll Stories,Honoré de Balzac,1837,1928,1973,Short stories,Banned for obscenity from 1901 to 1923 and from 1928 to c. 1973.[5][6],,
Australia,<NA>,The Straits Impregnable,Sydney Loch,1916,1914,*Unknown*,Fictionalised autobiography,"First edition published as a novel, second edition banned by the military censor in Australia under regulations of the War Precautions Act 1914.[7]",,
Australia,<NA>,Lady Chatterley's Lover (1928),D. H. Lawrence,1928,1929,1965,Novel,Banned from 1929 to 1965.[8][9],,
Australia,<NA>,Rowena Goes Too Far (1931),H. C. Asterley,1931,*Unknown*,*Unknown*,Novel,"Banned in Australia because of customs belief that it ""lacked sufficient claim to the literary to excuse the obscenity""[10]",,
Australia,<NA>,Brave New World,Aldous Huxley,1932,1932,1937,Novel,Banned in Australia from 1932 to 1937.[8],,
Australia,<NA>,The Cautious Amorist,Norman Lindsay,1932,1933,1953,Novel,Banned in Australia from 1933 to 1953.[11],,
Australia,<NA>,Age of Consent,Norman Lindsay,1938,1938,by 1939,Novel,"Banned in Australia, briefly, in 1938.[12]",,
Australia,<NA>,Forever Amber (1944),Kathleen Winsor,1944,1945,*Unknown*,Novel,"Banned by Australia in 1945 as ""a collection of bawdiness, amounting to sex obsession.""[13][14]",,
Australia,<NA>,Borstal Boy,Brendan Behan,1958,1958,*Unknown*,Autobiographical novel,Banned shortly after its ban in Ireland in 1958.[15],,
Australia,<NA>,Another Country,James Baldwin,1962,1963,1966,Novel,"Banned in Australia by the Commonwealth Customs Department in February 1963. The Literature Censorship Board described it as ""continually smeared with indecent, offensive and dirty epithets and allusions,"" but recommended that the book remain available to ""the serious minded student or reader."" The ban was lifted in May 1966.[16]",,
Australia,<NA>,Ecstasy and Me,Hedy Lamarr,1966,1967,1973,Autobiography,Banned in Australia from 1967 to 1973.[8],,
Australia,<NA>,The World Is Full of Married Men (1968),Jackie Collins,1968,1968,*Unknown*,Novel,Banned in Australia in 1968.[8],,
Australia,<NA>,The Stud (1969),Jackie Collins,1969,1969,*Unknown*,Novel,Banned in Australia in 1969.[8][further explanation needed],,
Australia,<NA>,The Anarchist Cookbook,William Powell,1971,1985,Currently banned,Instructional,"The book was refused classification in 1985 thus making it banned in Australia under the National Classification Code Table 1.(c) for publications that could ""promote, incite or instruct in matters of crime or violence""[8][17][18]",,
Australia,<NA>,How to make disposable silencers (1984),Desert and Eliezer Flores,1984,*Unknown*,*Unknown*,Instructional,"An example of a class of books banned in Australia that ""promote, incite or instruct in matters of crime or violence"".[19][20]",,
Australia,<NA>,American Psycho,Bret Easton Ellis,1991,1991,1992 (ages 18+) *Unknown* (younger than 18),Novel,Sale and purchase was banned in the Australian state of Queensland. Now available in public libraries and for sale to people 18 years and older. Sale restricted to persons at least 18 years old in the other Australian states.[21],,
Australia,<NA>,A Sneaking Suspicion (1995),John Dickson,1995,2015,2015,Religious text,"Banned by the New South Wales Department of Education and Communities from state schools on May 6, 2015, on the basis of a ""potential risk to students in the delivery of this material, if not taught sensitively and in an age appropriate manner.""[22] The ban was lifted May 18, 2015.",,
Australia,<NA>,The Peaceful Pill Handbook (2007),Philip Nitschke and Fiona Stewart,2007,2007,2007,Instructional manual on euthanasia,"The book was initially restricted in Australia;[23] after review, the 2007 edition was banned outright.[20][24][25]",,
Australia,<NA>,You: An Introduction (2008),Michael Jensen,2008,2015,2015,Religious text,"Banned by the New South Wales Department of Education and Communities from state schools on May 6, 2015, on the basis of a ""potential risk to students in the delivery of this material, if not taught sensitively and in an age appropriate manner.""[22] The ban was lifted May 18, 2015.",,
Australia,<NA>,"No Game No Life (Volumes 1, 2, 9)",Yuu Kamiya,2012–2016,2020,*Unknown*,Novel,"Light novel volumes banned in Australia due to their depiction, ""in a way that is likely to cause offence to a reasonable adult, [of] a person who is, or appears to be, a child under 18"".[26]",,
Austria,<NA>,The Sorrows of Young Werther,Johann Wolfgang von Goethe,1774,*Unknown*,*Unknown*,Novel,Banned by the authorities in the Austrian territories ruled by the Habsburg monarchy.[27],,
Austria,<NA>,Works,Karl Marx,1841–1883,1938,1945,Non‑fiction,All of Marx's works were banned in Austria after the country was annexed by Nazi Germany.[27],,
Austria,<NA>,Works,Albert Einstein,1901–1938,1938,1945,Non‑fiction,"All of Einstein's works published up to 1938 were banned in Austria, after it was annexed by Nazi Germany.[27]",,
Austria,<NA>,Mein Kampf (1925),Adolf Hitler,1925,1947,,Political manifesto,"In Austria, the Verbotsgesetz 1947 prohibits the printing of the book. It is illegal to own[citation needed] or distribute existing copies.[28] Following the general prohibition of advocating the Nazi Party or its aims in § 3 and of re-founding Nazi organizations in § 1, § 3 d. of the Verbotsgesetz states: ""Whoever publicly or before several people, in printed works, disseminated texts or illustrations requests, encourages or seeks to induce others to commit any of the acts prohibited under § 1 or § 3, especially if for this purpose he glorifies or advertises the aims of the Nazi Party, its institutions or its actions, provided that it does not constitute a more serious criminal offense, will be punished with imprisonment from five to ten years, or up to twenty years if the offender or his actions are especially dangerous.""[28]",,
Bangladesh,<NA>,Amar Fashi Chai (1999),Motiur Rahman Rentu,1999,<NA>,<NA>,Political,"The book, set in the political and social context of Bangladesh, was banned by the then–Prime Minister of Bangladesh, Sheikh Hasina.[29] The book describes various aspects of Sheikh Hasina's character.[30][31]",,
Bangladesh,<NA>,Rangila Rasul (1927),Pandit M. A. Chamupati,1927,<NA>,<NA>,Religious,"Currently banned in India, Pakistan, and Bangladesh.[32]",,
Bangladesh,<NA>,The Satanic Verses (1988),Salman Rushdie,1988,<NA>,<NA>,Novel,Banned for blasphemy against Islam. Rushdie received a fatwa for his alleged blasphemy.[33],,
Bangladesh,<NA>,Naree (1992),Humayun Azad,1992,<NA>,<NA>,Criticism,"Banned in Bangladesh in 1995,[34] though the ban was later lifted in 2000.[35]",,
Bangladesh,<NA>,Lajja (1993),Taslima Nasrin,1993,<NA>,<NA>,Novel,"Banned in Bangladesh,[36][37] and a few states of India. Other books by her were also banned in Bangladesh or in the Indian state of West Bengal. Amar Meyebela (My Girlhood, 2002), the first volume of her memoir, was banned by the Bangladeshi government in 1999 for ""reckless comments"" against Islam and the prophet Mohammad.[38] Utal Hawa (Wild Wind), the second part of her memoir, was banned by the Bangladesh government in 2002.[39] Ka (Speak up), the third part of her memoir, was banned by the Bangladeshi High Court in 2003. Under pressure from Indian Muslim activists, the book, which was published in West Bengal as Dwikhandita, was banned there also; some 3,000 copies were seized immediately.[40] The decision to ban the book was criticised by ""a host of authors"" in West Bengal,[41] but the ban was not lifted until 2005.[42][43] Sei Sob Ondhokar (Those Dark Days), the fourth part of her memoir, was banned by the Bangladesh government in 2004.[44][45]",,
Belgium,<NA>,"Uitgeverij Guggenheimer (""Guggenheimer Publishers"") (1999)",Herman Brusselmans,1999,<NA>,<NA>,Novel,Banned in Belgium because this satirical novel offended fashion designer Ann Demeulemeester by making derogatory remarks about her personal looks and profession. A court decided the book was an insult to the individual's private life and ordered it to be removed from the stores.[46][47][48],,
Bosnia and Herzegovina,<NA>,The Mountain Wreath (1847),Petar II Petrović-Njegoš,1847,<NA>,<NA>,Drama in verse,Banned in Bosnian schools by Carlos Westendorp.[citation needed],,
Brazil,<NA>,Happy New Year (1975),Rubem Fonseca,1975,<NA>,<NA>,Short stories,"Banned in Brazil during the military dictatorship by order of the then Minister of Justice, Armando Falcão, under the accusation of ""attacking morality and good habits"". The author of the book, Rubem Fonseca, filed a lawsuit against the Brazilian government. In 1980, the case was tried for the first time and the judge upheld the ban, claiming that the work incited violence. The ban was lifted in 1985, with the end of the military dictatorship, but the book only received a new edition in 1989, when Fonseca appealed and won the case in court.[49][50]",,
Canada,<NA>,Droll Stories,Honoré de Balzac,1837,<NA>,<NA>,Short stories,Banned for obscenity in 1914.[51][6],,
Canada,<NA>,Lady Chatterley's Lover,D. H. Lawrence,1928,<NA>,<NA>,Novel,The unexpurgated United States edition was allowed to be imported by McClelland & Stewart in 1959.[52] The book's status as an obscene publication was not resolved until a ruling by the Supreme Court of Canada in 1962.[53],,
Canada,<NA>,By Grand Central Station I Sat Down and Wept,Elizabeth Smart,1945,<NA>,<NA>,Autobiographical prose poetry,Banned in Canada from 1945 to 1975 under the influence of Smart's family's political power due to its sexual documentation of Smart's affair with a married man.,,
Canada,<NA>,The Naked and the Dead (1948),Norman Mailer,1948,<NA>,<NA>,Novel,"Banned in Canada in 1949 for ""obscenity"".[54]",,
Canada,<NA>,Lolita (1955),Vladimir Nabokov,1955,<NA>,<NA>,Novel,Banned in Canada in 1956. The ban was not enforced on imports of the Putnam edition from the United States and was lifted in late 1958.[55][56],,
Canada,<NA>,Peyton Place (1956),Grace Metalious,1956,<NA>,<NA>,Novel,Banned in Canada from 1956 to 1958.[56],,
Canada,<NA>,How to Kill (series),John Minnery,1973,<NA>,<NA>,Instructional,Banned in Canada in 1977.[57][58],,
Canada,<NA>,The Hoax of the Twentieth Century,Arthur Butz,1976,<NA>,<NA>,Non-fiction,"Classified as ""hate literature"" in Canada with the Royal Canadian Mounted Police destroying copies as recently as 1995.[59]",,
Canada,<NA>,The Turner Diaries,William Luther Pierce,1978,<NA>,<NA>,Novel,"Classified as ""hate literature"" in Canada and subsequently banned from import into the country.[59]",,
Canada,<NA>,Lethal Marriage,Nick Pron,1995,<NA>,<NA>,True crime,"Written by a newspaper reporter about the Paul Bernardo and Karla Homolka case, this book allegedly contains inaccuracies, additionally, complaints were received by the St. Catharines library board from the mother of a victim that led to the book being removed from all public library branches in the city.[59] As recently as 1999, this book was still unavailable to public library patrons in St. Catharines.[59]",,
Canada,<NA>,Lost Girls,Alan Moore and Melinda Gebbie,2006,<NA>,<NA>,Graphic novel,Importation was initially prohibited on publication in 2006. The prohibition was overturned in October 2006 after a formal appeal by the publisher to the Canada Border Services Agency determined the book was not legally obscene.[60],,
Chile,<NA>,How to Read Donald Duck,Ariel Dorfman and Armand Mattelart,1971,<NA>,<NA>,Non‑fiction,Banned in Pinochet's Chile. The Chilean army publicly burned copies of the book.[61],,
Chile,<NA>,The House of the Spirits,Isabel Allende,1982,<NA>,<NA>,Novel,Banned in Pinochet's Chile.[62],,
Chile,<NA>,The Open Veins of Latin America,Eduardo Galeano,1971,<NA>,<NA>,Non‑fiction,,,
Chile,<NA>,Clandestine in Chile,Gabriel García Márquez,1986,<NA>,<NA>,Non‑fiction,"Banned in Pinochet's Chile. On November 28, 1986, the Chilean customs authorities seized almost 15,000 copies of Clandestine in Chile, which were later burned by military authorities in Valparaíso.[63]",,
China,<NA>,Jane Eyre (1847),<NA>,<NA>,<NA>,<NA>,Novel,Jane Eyre was censored because the CCP deemed it socially corrupting to the youth of China during the Cultural Revolution.[64],Amy Corzine and Charlotte Brontë,
China,<NA>,Alice's Adventures in Wonderland (1865),<NA>,<NA>,<NA>,<NA>,Children's Novel/Adventure,"Alice's Adventures in Wonderland was banned in the province of Hunan, China by the KMT's government, beginning in 1931, due to its portrayal of anthropomorphized animals which act with the same level of complexity as human beings. The censor General Ho Chien believed that attributing human language to animals was an insult to humans. He feared that the book would teach children to believe that humans and animals were on the same level, a result which would be ""disastrous.""[65]",Lewis Carroll,
China,<NA>,Various works,<NA>,<NA>,<NA>,<NA>,Novels,"""Denounced by the Communists and Nationalists alike, Mr. Shen saw his writings banned in Taiwan, while mainland [China] publishing houses burned his books and destroyed printing plates for his novels. .... So successful was the effort to erase Mr. Shen's name from the modern literary record that few younger Chinese today recognize his name, much less the breadth of his work. Only since 1978 has the Chinese Government reissued selections of his writings, although in editions of only a few thousand copies. .... In China, his passing was unreported.""[66]",Shen Congwen (1902–1988),
China,<NA>,Life and Death in Shanghai (1986),<NA>,<NA>,<NA>,<NA>,Autobiography,It is about the author's personal tortured experience during the Cultural Revolution.[67],Nien Cheng,
China,<NA>,Soul Mountain (1989),<NA>,<NA>,<NA>,<NA>,Novel,"Gao Xingjian won the 2000 Nobel Prize in Literature for the book, however all of his works have been banned for having content critical of the CCP.[68][69]",Gao Xingjian,
China,<NA>,"White Snow, Red Blood (1989)",<NA>,<NA>,<NA>,<NA>,Non-fiction novel,"Banned in 1990, and both the author and publishers were imprisoned for publishing it. The book includes information about atrocities committed by the Red Army during the siege of Changchun, the smuggling of opium by senior Party leader Wang Zhen during the Chinese Civil War, and claims that China's official description of the Lin Biao affair is inaccurate.[70][71]",Zhang Zhenglong,
China,<NA>,Wild Swans: Three Daughters of China (1991),<NA>,<NA>,<NA>,<NA>,Family history,It talked about brutal political upheavals in China and purges of the Cultural Revolution.[72],Jung Chang,
China,<NA>,Yellow Peril (1991),<NA>,<NA>,<NA>,<NA>,Novel,Banned. The book contains episodes of a fictional collapse of Chinese communist rule.[73],Wang Lixiong,
China,<NA>,Zhuan Falun (1993),<NA>,<NA>,<NA>,<NA>,Spiritual/Political[74][75][76],Banned in mainland China.[77],Li Hongzhi,
China,<NA>,The Private Life of Chairman Mao (1994),<NA>,<NA>,<NA>,<NA>,Memoir,Banned for exploring Mao's private life.[78][79],Li Zhisui,
China,<NA>,One Man's Bible (1999),<NA>,<NA>,<NA>,<NA>,Novel,All of Gao Xingjian's works have been banned for having content critical of the CCP.[80][69],Gao Xingjian,
China,<NA>,"How the Red Sun Rose: The Origins and Development of the Yan'an Rectification Movement, 1930-1945 (2000)",<NA>,<NA>,<NA>,<NA>,History,Banned for exploring in detail Mao Zedong in the Yan'an Rectification and the internal struggles of the CCP.[81][82],Gao Hua,
China,<NA>,Shanghai Baby (2001),<NA>,<NA>,<NA>,<NA>,Semi-autobiographical novel,"Banned. Burned in the street and the publisher was shut down for three months because of its sexual and drug-related content, which has been accused of being ""immoral"" by the government. Other writers have accused the book of plagiarism.[83][84]",Wei Hui,
China,<NA>,The Tiananmen Papers (2001),<NA>,<NA>,<NA>,<NA>,Compilation of selected Chinese official documents,Controversy about this book include authenticity of selected documents and selection bias.[85],Compiled by Zhang Liang,
China,<NA>,Candy (2003),<NA>,<NA>,<NA>,<NA>,Novel,"Chinese government censored it because it was ""a poster child for spiritual pollution"".[86]",Mian Mian,
China,<NA>,Death Note (2003 – 2006),<NA>,<NA>,<NA>,<NA>,Japanese Manga,"Officially banned, but discussion and pirated copies are allowed to circulate.[87][88]",Tsugumi Ohba,
China,<NA>,Zhou Enlai: The Last Perfect Revolutionary (2003 or 2008),<NA>,<NA>,<NA>,<NA>,Biography,Banned in China.[89][90],Gao Wenqian,
China,<NA>,Buying a Fishing Rod for My Grandfather (2004),<NA>,<NA>,<NA>,<NA>,Short story collections,All of Gao Xingjian's works have been banned for having content critical of the CCP.[91][69],Gao Xingjian,
China,<NA>,I Love My Mum (2004),<NA>,<NA>,<NA>,<NA>,Political,A novella in which the relationship between Chinese citizens and their government are metaphorically portrayed as a cognitively impaired man in extreme sexual situations with their mother.[92],Chen Xiwo,
China,<NA>,Will the Boat Sink the Water (2004),<NA>,<NA>,<NA>,<NA>,Academic study,"Banned for exploring peasant protests. Sold an estimated 7 million pirated copies, despite being almost immediately banned by China's propaganda department.[93]",Chen Guidi and Wu Chuntao,
China,<NA>,Mao: The Unknown Story (2005),<NA>,<NA>,<NA>,<NA>,Political,Banned due to depicting Chairman Mao Zedong as a fascist leader against his people. Book reviews have also been banned.[94][95],Jung Chang,
China,<NA>,Lingren Wangshi (2005),<NA>,<NA>,<NA>,<NA>,Non-fiction,"The book, which documents the experiences of Peking Opera artists during the Anti-Rightist Campaign and the Cultural Revolution, was banned by the General Administration of Press and Publication in 2007.[96][97]",Zhang Yihe,
China,<NA>,Dream of Ding Village (2006),<NA>,<NA>,<NA>,<NA>,Novel,"Banned for discussing AIDS in rural China (Plasma Economy),[98] the ban had reportedly been lifted.[99]",Yan Lianke,
China,<NA>,Serve the People! (2008),<NA>,<NA>,<NA>,<NA>,Novel,"Banned for ""slandering Mao Zedong"", and depicting images of sex.[100]",Yan Lianke,
China,<NA>,"Tombstone: The Great Chinese Famine, 1958-1962 [zh; fr] (2008)",<NA>,<NA>,<NA>,<NA>,History,"Published in Hong Kong, banned for discussing the Great Chinese Famine.[101][102]",Yang Jisheng,
China,<NA>,"Big River, Big Sea — Untold Stories of 1949 (2009)",<NA>,<NA>,<NA>,<NA>,Non-Fiction,"It sold over 100,000 copies in Taiwan and 10,000 in Hong Kong in its first month of release, but discussion of her work was banned in mainland China following the book launch.[103]",Lung Ying-tai,
China,<NA>,Prisoner of the State (2009),<NA>,<NA>,<NA>,<NA>,Memoir,Banned. The book is memoirs by former Chinese General Secretary Zhao Ziyang.[104][105],Zhao Ziyang,
China,<NA>,China's Best Actor: Wen Jiabao (2010),<NA>,<NA>,<NA>,<NA>,Political,Published in Hong Kong and banned in mainland China.[106] Author moved to the United States in 2012.[107],Yu Jie,
China,<NA>,"Bloody Myth: An Account of the Cultural Revolution Massacre of 1967 in Daoxian, Hunan (血的神话: 公元1967年湖南道县文革大屠杀纪实) (2012)",<NA>,<NA>,<NA>,<NA>,Non-fiction,An account of murders in a rural district of China during Mao Zedong's Cultural Revolution. Banned for 26 years and released in 2012.[108],Tan Hecheng,
China,<NA>,Moving Away from the Imperial Regime (2015),<NA>,<NA>,<NA>,<NA>,Political,"Banned. The book explores the unfulfilled promise of constitutional democracy, and another historian suggests that it may have been banned because the topic deals with the Chinese dynastic cycle.[109]",Qin Hui,
China,<NA>,Capital and Ideology (2019),<NA>,<NA>,<NA>,<NA>,Economy,Banned for discussing China's income inequality and for refusing to accept censorship for a planned translation.[110],Thomas Piketty,
China,<NA>,"Unfree Speech: The Threat to Global Democracy and Why We Must Act, Now (2020)",<NA>,<NA>,<NA>,<NA>,Political,Censored due to inciting secession. Taken out of libraries because of the Hong Kong national security law.[111],Joshua Wong,
China,<NA>,The Chongzhen Emperor: Diligent Ruler of a Failed Dynasty (2023),<NA>,<NA>,<NA>,<NA>,History,"Censored due to popular comparisons between the final emperor of the Ming dynasty, the Chongzhen Emperor, and Xi Jinping.[112][113]",Chen Wutong,
Czechoslovakia,<NA>,The White Disease (1937),<NA>,1937,1938,1945,Political play,Banned by the government of the Second Czechoslovak Republic in 1938.,Karel Čapek,
Czechoslovakia,<NA>,Animal Farm (1945),<NA>,1946,1948,1968,Political novella,Banned by the government in 1948.[114],George Orwell,
Egypt,<NA>,A Feast for the Seaweeds (Walimah li A'ashab al‑Bahr),Haidar Haidar,1983,<NA>,<NA>,Novel,"Banned in Egypt and several other Arab states, and even resulted in a belated angry reaction from the clerics of Al-Azhar University upon reprinting in Egypt in the year 2000. The clerics issued a fatwa banning the novel, and accused Haidar of heresy and offending Islam. Al-Azhar University students staged huge protests against the novel, that eventually led to its confiscation.[115][116][117]",,
Egypt,<NA>,The Satanic Verses (1988),Salman Rushdie,1988,<NA>,<NA>,Novel,Banned for blasphemy against Islam.[33],,
El Salvador,<NA>,One Day of Life (1980),Manlio Argueta,1980,<NA>,<NA>,Novel,Banned by El Salvador for its portrayal of human rights violations.[118],,
Eritrea,<NA>,I Didn't Do It for You: How the World Betrayed a Small African Nation (2005),Michela Wrong,2005,<NA>,<NA>,History,Banned in Eritrea in 2014 for its criticism of President Isaias Afewerki.[119][failed verification],,
Eritrea,<NA>,My Father's Daughter (2005),Hannah Pool,2005,<NA>,<NA>,Biography,Banned in Eritrea in 2014 for political content.[119][failed verification],,
Eritrea,<NA>,Scouting for the Reaper (2014),Jacob M. Appel,2014,<NA>,<NA>,Fiction,Banned in Eritrea in 2014 for its criticism of civil liberties under President Isaias Afewerki.[119][failed verification],,
France,<NA>,Les Mœurs,François-Vincent Toussaint,,<NA>,<NA>,Book,Officially banned in France in 1748.[120],,
France,<NA>,Lolita (1955),Vladimir Nabokov,1955.0,<NA>,<NA>,Novel,"French officials banned it for being ""obscene"".[2]",,
France,<NA>,Suicide mode d'emploi (1982),Claude Guillon,1982.0,<NA>,<NA>,Instructional,"This book, reviewing recipes for committing suicide, was the cause of a scandal in France in the 1980s, resulting in the enactment of a law prohibiting provocation to commit suicide and propaganda or advertisement of products, objects, or methods for committing suicide.[121] Subsequent reprints were thus illegal. The book was cited by name in the debates of the French National Assembly when examining the bill.[122]",,
Germany,Weimar Republic (1918–1933),Berlin Garden of Erotic Delights,"Erwin von Busse under the pseudonym ""Granand""",1920,<NA>,<NA>,Short story collection,"Banned for ""indecency"" by courts in Berlin and Leipzig[123]",,
Germany,Nazi Germany (1933–1945),Ivanhoe,Walter Scott,1819,<NA>,<NA>,Novel,Prohibited by Nazi Germany for featuring Jewish characters.[124],,
Germany,Nazi Germany (1933–1945),Oliver Twist,Charles Dickens,1839,<NA>,<NA>,Novel,Prohibited by Nazi Germany for featuring Jewish characters.[124],,
Germany,Nazi Germany (1933–1945),The Communist Manifesto,Karl Marx and Friedrich Engels,1848,<NA>,<NA>,Political Manifesto,"Prohibited by several countries, including Nazi Germany.[125]",,
Germany,Nazi Germany (1933–1945),Works,Stefan Zweig,1900–1933,<NA>,<NA>,"Plays, Novels, Non-fiction",All of Zweig's books published up to 1933 were banned by the Nazis in that same year.[126],,
Germany,Nazi Germany (1933–1945),Works,Sigmund Freud,1901–1933,<NA>,<NA>,Non-fiction,All of Freud's books published up to 1933 were banned by the Nazis in that same year.[126],,
Germany,Nazi Germany (1933–1945),The Iron Heel,Jack London,1908,<NA>,<NA>,Novel,"Banned by the Nazis along with two other London novels, Martin Eden and The Jacket.[126]",,
Germany,Nazi Germany (1933–1945),Works,Bertolt Brecht,1918–1933,<NA>,<NA>,"Plays, Novels, Poetry, Non-fiction",All of Brecht's books published up to 1933 were banned by the Nazis in that same year.[126],,
Germany,Nazi Germany (1933–1945),The Outline of History,H. G. Wells,1920,<NA>,<NA>,Non-fiction,Wells' book was banned in Nazi Germany.[126],,
Germany,Nazi Germany (1933–1945),The World of William Clissold,H. G. Wells,1926,<NA>,<NA>,Novel,"Banned in Nazi Germany in 1936. A further note to the banning order added that ""all other works by the author"" were to be suppressed.[127]",,
Germany,Nazi Germany (1933–1945),All Quiet on the Western Front,Erich Maria Remarque,1929,<NA>,<NA>,Anti-war novel,Banned in Nazi Germany for being demoralizing and insulting to the Wehrmacht.[128][129],,
Germany,Nazi Germany (1933–1945),Die Gesteinigten,Friedrich Forster,1933,<NA>,<NA>,Drama,Banned and printed copies pulped.[130],,
Germany,Nazi Germany (1933–1945),The Story of Ferdinand,Munro Leaf,1936,<NA>,<NA>,Children's fiction,Banned in Nazi Germany.[131],,
Germany,East Germany (1949–1990),The Jungle,Upton Sinclair,1906,<NA>,<NA>,Novel,"In 1956, it was banned in East Germany for its incompatibility with Communism.[132][133]",,
Germany,West Germany (1949–1990) and Germany (1990–present),Auschwitz - Die Erste Vergasung - Gerüchte und Wirklichkeit,Carlo Mattogno,2007,<NA>,<NA>,Historical revisionism / Holocaust denial,"Confiscated by the Mannheim Regional Court in September 2012.[139] Unofficial title translation: Auschwitz, The First Gassing, Rumors and Reality",,
Germany,West Germany (1949–1990) and Germany (1990–present),Auschwitz - Tätergeständnisse und Augenzeugen des Holocaust,Jürgen Graf,1994,<NA>,<NA>,Historical revisionism / Holocaust denial,Confiscated by the Mannheim Regional Court in November 1994.[140] Unofficial title translation: Auschwitz - Confessions of Perpetrators and Eyewitnesses of the Holocaust,,
Germany,West Germany (1949–1990) and Germany (1990–present),Der Auschwitz-Mythos - Legende oder Wirklichkeit,Wilhelm Stäglich,1978,<NA>,<NA>,Historical revisionism / Holocaust denial,Confiscated by the Stuttgart Regional Court in May 1982.[141] Unofficial title translation: The Auschwitz Myth - Legend or Reality,,
Germany,West Germany (1949–1990) and Germany (1990–present),Balisong - The Lethal Art of Filipino Knife Fighting,"Sid Cambell, Gary Cagaanan, Sonny Umpad, published by Paladin Press",1986,<NA>,<NA>,Instructional,Confiscated by the Munich Regional Court in May 1991.[142],,
Germany,West Germany (1949–1990) and Germany (1990–present),Black Book Companion - State-of-the Art Improvised Munitions,Published by Paladin Press,1990,<NA>,<NA>,Instructional,Confiscated by the Munich Regional Court in July 1991.[143],,
Germany,West Germany (1949–1990) and Germany (1990–present),Die Chemie von Auschwitz - Die Technologie und Toxikologie von Zyklon B und den Gaskammern - Eine Tatortuntersuchung,Germar Rudolf,2017,<NA>,<NA>,Historical revisionism / Holocaust denial,Confiscated by the Darmstadt Regional Court in March 2018.[144] Unofficial title translation: The Chemistry of Auschwitz - The Technology and Toxicology of Zyklon B and the Gas Chambers - A Crime Scene Investigation,,
Germany,West Germany (1949–1990) and Germany (1990–present),Cold Steel - Technique of Close Combat,"John Styres, published by Paladin Press",1952,<NA>,<NA>,Instructional,Confiscated by the Munich Regional Court in May 1991.[142],,
Germany,West Germany (1949–1990) and Germany (1990–present),Deathtrap! Improvised Booby-Trap Devices,"Jo Jo Gonzales, published by Paladin Press",1989,<NA>,<NA>,Instructional,Confiscated by the Munich Regional Court in July 1991.[145],,
Germany,West Germany (1949–1990) and Germany (1990–present),Dragons Touch - Weaknesses of the Human Anatomy,"Master Hei Long, published by Paladin Press",1983,<NA>,<NA>,Instructional,Confiscated by the Munich Regional Court in May 1991.[142],,
Germany,West Germany (1949–1990) and Germany (1990–present),"Endzeiten, Endspiele. Der Ausklang des jüdischen Jahrhunderts",Hans Schmidt,2000,<NA>,<NA>,Historical revisionism / Holocaust denial,"Confiscated by the Kassel Regional Court in December 2000.[146] Unofficial title translation: End times, end games. The conclusion of the Jewish century",,
Germany,West Germany (1949–1990) and Germany (1990–present),Geheimakte Gestapo-Müller - Dokumente und Zeugnisse aus den US-Geheimarchiven (Band 1),Gregory Douglas,1995,<NA>,<NA>,Historical revisionism / Holocaust denial,Confiscated by the Starnberg Regional Court in August 1996.[147] Unofficial title translation: Secret Files Gestapo Müller - Documents and Evidence from the US Secret Archives,,
Germany,West Germany (1949–1990) and Germany (1990–present),Geheimakte Gestapo-Müller - Dokumente und Zeugnisse aus den US-Geheimarchiven (Band 2),Gregory Douglas,1996,<NA>,<NA>,Historical revisionism / Holocaust denial,Confiscated by the Starnberg Regional Court in January 1999.[148] Unofficial title translation: Secret Files Gestapo Müller - Documents and Evidence from the US Secret Archives,,
Germany,West Germany (1949–1990) and Germany (1990–present),Get Tough! How to Win in Hand-to-Hand Fighting,"William E. Fairbairn, published by Paladin Press",1942,<NA>,<NA>,Instructional,Confiscated by the Munich Regional Court in July 1991.[142],,
Germany,West Germany (1949–1990) and Germany (1990–present),Grundlagen zur Zeitgeschichte - Ein Handbuch über strittige Fragen des 20. Jahrhunderts,Germar Rudolf (as Ernst Gauss),1994,<NA>,<NA>,Historical revisionism / Holocaust denial,Confiscated by the Tübingen Regional Court in March 1999.[149] Unofficial title translation: Fundamentals of Contemporary History - A Handbook on Controversial Issues of the 20th Century,,
Germany,West Germany (1949–1990) and Germany (1990–present),Der Holocaust auf dem Prüfstand - Augenzeugenberichte versus Naturgesetze,Jürgen Graf,1992,<NA>,<NA>,Historical revisionism / Holocaust denial,Confiscated by the Weinheim Regional Court in September 1993.[150] Unofficial title translation: The Holocaust under scrutiny - eyewitness accounts versus natural laws,,
Germany,West Germany (1949–1990) and Germany (1990–present),Der Holocaust-Schwindel,Jürgen Graf,1993,<NA>,<NA>,Historical revisionism / Holocaust denial,Confiscated by the Weinheim Regional Court in September 1993.[150] Unofficial title translation: The Holocaust Hoax,,
Germany,West Germany (1949–1990) and Germany (1990–present),Home Workshop Explosives,"Uncle Fester, published by Loompanics Unlimited",1990,<NA>,<NA>,Instructional,Confiscated by the Munich Regional Court in July 1991.[143],,
Germany,West Germany (1949–1990) and Germany (1990–present),Homemade Guns and Homemade Ammo,"Ronald B. Brown, published by Loompanics Unlimited",1986,<NA>,<NA>,Instructional,Confiscated by the Munich Regional Court in July 1991.[143],,
Germany,West Germany (1949–1990) and Germany (1990–present),"Kardinalfragen zur Zeitgeschichte - Eine Sammlung kontroverser Stellungnahmen von Germar Rudolf alias Ernst Gauss zum herrschenden Zeitgeist in Wissenschaft, Politik, Justiz und Medien",Germar Rudolf (as Ernst Gauss),1996,<NA>,<NA>,Historical revisionism / Holocaust denial,"Confiscated by the Weilheim Regional Court in March 1998.[151] Unofficial title translation: Cardinal Questions on Contemporary History - A collection of controversial statements by Germar Rudolf, alias Ernst Gauss, on the prevailing zeitgeist in science, politics, justice, and the media.",,
Germany,West Germany (1949–1990) and Germany (1990–present),Mein Kampf,Adolf Hitler,1925,<NA>,<NA>,Political manifesto,"In Germany, the copyright of the book was held by the State Government of Bavaria, and the Bavarian authorities prevented any reprinting from 1945 onward. This did not affect existing copies, which were available as vintage books. In 2016, following the expiration of the copyright, Mein Kampf was republished in Germany for the first time since 1945 as a commented edition by the Institut für Zeitgeschichte.[152] An uncommented reprint was confiscated by the Forchheim Regional Court in October 2016 for Incitement of masses.[153][154] Annotated editions are not affected by the confiscation.",,
Germany,West Germany (1949–1990) and Germany (1990–present),The Poisoner's Handbook,"Maxwell Hutchkinson, published by Loompanics Unlimited",1988,<NA>,<NA>,Instructional,Confiscated by the Munich Regional Court in May 1991.[142],,
Germany,West Germany (1949–1990) and Germany (1990–present),Silent Death,"Uncle Fester, published by Loompanics Unlimited",1989,<NA>,<NA>,Instructional,Confiscated by the Munich Regional Court in May 1991.[142],,
Germany,West Germany (1949–1990) and Germany (1990–present),Todesursache Zeitgeschichtsforschung,Jürgen Graf,1995,<NA>,<NA>,Historical revisionism / Holocaust denial,Confiscated by the Mannheim Regional Court in January 1996.[155] Unofficial title translation: Cause of death: Contemporary history research,,
Germany,West Germany (1949–1990) and Germany (1990–present),Vorlesungen über den Holocaust - Strittige Fragen im Kreuzverhör,Germar Rudolf,2005,<NA>,<NA>,Historical revisionism / Holocaust denial,Confiscated by the Mannheim Regional Court in March 2007.[156] Unofficial title translation: Lectures on the Holocaust - Controversial Questions in Cross-Examination,,
Germany,West Germany (1949–1990) and Germany (1990–present),"Wahrheit sagen, Teufel jagen",Gerard Menuhin,2016,<NA>,<NA>,Historical revisionism / Holocaust denial,"Confiscated by the Schleswig Regional Court in February 2019.[157] Unofficial title translation: Wahrheit sagen, Teufel jagen",,
Germany,West Germany (1949–1990) and Germany (1990–present),Deep Wet Torture Handbook - Die 100 besten Frauenfolterfilme,Andreas Bethmann,2003.0,<NA>,<NA>,Catalog,Confiscated by the Neuburg an der Donau Regional Court in May 2007.[159] Unofficial title translation: Deep Wet Torture Handbook - The 100 Best Female Torture Films,,
Germany,West Germany (1949–1990) and Germany (1990–present),Catalog,,,<NA>,<NA>,,,,
Germany,West Germany (1949–1990) and Germany (1990–present),Catalog,,,<NA>,<NA>,,,,
Greece,<NA>,Lysistrata (411 BC),Aristophanes,,<NA>,<NA>,Play,Banned in 1967 in Greece because of its anti-war message.[160],,
Guatemala,<NA>,Mein Kampf (1925),Adolf Hitler,1925,<NA>,<NA>,Political manifesto,Banned during the regime of Jorge Ubico along with anti‑Hitler writings such as by those of Hermann Rauschning in order to encourage political neutrality in WWII.[161],,
Guatemala,<NA>,El Señor Presidente,Miguel Ángel Asturias,1946,<NA>,<NA>,Novel,Banned in Guatemala because it went against the ruling political leaders.[162],,
Indonesia,<NA>,The Fugitive (Perburuan) (1950),Pramoedya Ananta Toer,1950,<NA>,<NA>,Novel,"Banned in Indonesia in 1950, for containing ""subversive"" material, including an attempt to promote Marxist–Leninist thought and other Communist theories. As of 2006, the ban is still in effect.[163]",,
Indonesia,<NA>,All Chinese literature,,1967,<NA>,<NA>,Literature and Culture,"Presidential Instruction No. 14/1967 (Inpress No. 14/1967) on Chinese Religion, Beliefs, and Traditions effectively banned any Chinese literature in Indonesia, including the prohibition of Chinese characters.",,
Indonesia,<NA>,The Satanic Verses (1988),Salman Rushdie,1988,<NA>,<NA>,Novel,Banned for blasphemy against Islam.[164],,
Indonesia,<NA>,Interest,Kevin Gaughen,2015,<NA>,<NA>,Novel,Banned by the government of Indonesia for subversive and/or anti-government themes.,,
Iran,<NA>,The Satanic Verses (1988),Salman Rushdie,1988,<NA>,<NA>,Novel,Banned for blasphemy against Islam.[33],,
Iran,<NA>,The Gods Laugh on Mondays (1995),Reza Khoshnazar,1995,<NA>,<NA>,Novel,Was banned in Iran after men torched its publication house.[165],,
Ireland,<NA>,Christianity not Mysterious,John Toland,1696,<NA>,<NA>,Non-fiction,Banned by the Irish Parliament for contradicting the teaching of the Anglican Church. Copies of the book were burnt by the public hangman in Dublin.[166],,
Ireland,<NA>,Droll Stories,Honoré de Balzac,1837,<NA>,<NA>,Short stories,Banned for obscenity in 1953. The ban was lifted in 1967.[6],,
Ireland,<NA>,Married Love,Marie Stopes,1918,<NA>,<NA>,Non-fiction,Banned by the Irish Censorship Board for discussing birth control.[167],,
Ireland,<NA>,And Quiet Flows the Don,Mikhail Sholokhov,1928–1940,<NA>,<NA>,Novel sequence,"The English translations of Sholokhov's work were banned for ""indecency"".[168]",,
Ireland,<NA>,Elmer Gantry,Sinclair Lewis,1927,<NA>,<NA>,Novel,Elmer Gantry was banned in the Irish Free State.[169],,
Ireland,<NA>,The House of Gold,Liam O'Flaherty,1929,<NA>,<NA>,Novel,"The first book to be banned by the Irish Free State for alleged ""indecency"". Republished in 2013.[170]",,
Ireland,<NA>,A Farewell to Arms,Ernest Hemingway,1929,<NA>,<NA>,Novel,Suppressed in the Irish Free State.[168],,
Ireland,<NA>,Marriage and Morals,Bertrand Russell,1929,<NA>,<NA>,Non-fiction,"Suppressed in the Irish Free State for discussing sex education, birth control and open marriages.[168]",,
Ireland,<NA>,Commonsense and the Child,Ethel Mannin,1931,<NA>,<NA>,Non-fiction,Banned in the Irish Free State for advocating sex education for adolescents.[168],,
Ireland,<NA>,The Bulpington of Blup,H. G. Wells,1932,<NA>,<NA>,Novel,Banned in the Irish Free State.[169],,
Ireland,<NA>,Brave New World,Aldous Huxley,1932,<NA>,<NA>,Novel,"Banned in Ireland in 1932, allegedly because of references of sexual promiscuity.[167]",,
Ireland,<NA>,"The Work, Wealth and Happiness of Mankind",H. G. Wells,1932,<NA>,<NA>,Non-fiction,Banned in the Irish Free State.[169],,
Ireland,<NA>,Men of Good Will,Jules Romains,1932–1946,<NA>,<NA>,Novel sequence,The English translations of Romains' novel sequence were banned in the Irish Free State.[168],,
Ireland,<NA>,The Martyr,Liam O'Flaherty,1933,<NA>,<NA>,Novel,Banned in the Irish Free State.[169],,
Ireland,<NA>,The Laws of Life,Halliday Sutherland,1935,<NA>,<NA>,Non-fiction,Banned in the Irish Free State for discussing sex education and Calendar-based contraceptive methods – even though The Laws of Life had been granted a Cum permissu superiorum endorsement by the Roman Catholic Diocese of Westminster.[171],,
Ireland,<NA>,Honourable Estate,Vera Brittain,1936,<NA>,<NA>,Novel,Banned in the Irish Free State.[168],,
Ireland,<NA>,I Knock at the Door,Seán O'Casey,1939,<NA>,<NA>,Autobiography,Banned in Ireland.[171],,
Ireland,<NA>,Dutch Interior,Frank O'Connor,1940,<NA>,<NA>,Novel,Banned in Ireland.[171],,
Ireland,<NA>,The Tailor and Ansty,Eric Cross,1942,<NA>,<NA>,Non-fiction,Banned by the Irish censors for discussing sexuality in rural Ireland.[172],,
Ireland,<NA>,Borstal Boy,Brendan Behan,1958,<NA>,<NA>,Autobiographical novel,"Banned in Ireland in 1958. The Irish Censorship of Publications Board was not obliged to reveal its reason but it is believed that it was rejected for its critique of Irish republicanism and the Catholic Church, and its depiction of adolescent sexuality.[15]",,
Ireland,<NA>,The Country Girls,Edna O'Brien,1960,<NA>,<NA>,Novel,Banned by Ireland's censorship board in 1960 for its explicit sexual content.[173][174],,
Ireland,<NA>,The Lonely Girl (1962),Edna O'Brien,1962,<NA>,<NA>,Novel,"Banned in Ireland in 1962 after Archbishop John Charles McQuaid complained personally to Justice Minister Charles Haughey that it ""was particularly bad"".[174]",,
Ireland,<NA>,The Dark,John McGahern,1965,<NA>,<NA>,Novel,Banned in Ireland for obscenity.[175],,
Ireland,<NA>,My Secret Garden,Nancy Friday,1973,<NA>,<NA>,Non-fiction,Banned in Ireland for its sexual content.[176],,
Italy,<NA>,All Quiet on the Western Front,Erich Maria Remarque,1928,<NA>,<NA>,Fiction,Banned in Fascist Italy because of its antimilitarism (currently not banned).[179],,
Italy,<NA>,A Farewell to Arms,Ernest Hemingway,1929,<NA>,<NA>,Fiction,"Banned in Fascist Italy for depicting the Italian Army's defeat at the Battle of Caporetto (currently, this book is not banned).[180]",,
Japan,<NA>,Little Black Sambo (1899),Helen Bannerman,1899,<NA>,<NA>,Children's story,"Banned in Japan (1988–2005) to quell ""political threats to boycott Japanese cultural exports"", although the pictures were not those of the original version.[181]",,
Kenya,<NA>,The Satanic Verses (1988),Salman Rushdie,1988,<NA>,<NA>,Novel,Banned for blasphemy against Islam.[33],,
Kuwait,<NA>,The Satanic Verses (1988),Salman Rushdie,1988,<NA>,<NA>,Novel,Banned for blasphemy against Islam.[33],,
Lebanon,<NA>,Sophie's Choice (1979),William Styron,1979,<NA>,<NA>,Novel,Banned in Lebanon for its positive depiction of Jews.[128],,
Lebanon,<NA>,Schindler's Ark (1982),Thomas Keneally,1982,<NA>,<NA>,Novel,Banned in Lebanon for its positive depiction of Jews.[128],,
Lebanon,<NA>,The Da Vinci Code,Dan Brown,2003,<NA>,<NA>,Novel,Banned in September 2004 in Lebanon after Catholic leaders deemed it offensive to Christianity. (See Criticism of The Da Vinci Code.)[128][182],,
Lebanon,<NA>,Grover's Eight Nights of Light,Jodie Shepherd,2017,<NA>,<NA>,Sesame Street book,Banned in 2017 for promoting Hanukkah.,,
Liberia,<NA>,The Satanic Verses (1988),Salman Rushdie,1988,<NA>,<NA>,Novel,Banned for blasphemy against Islam.[33],,
Malaysia,<NA>,The Satanic Verses (1988),Salman Rushdie,1988,<NA>,<NA>,Novel,Banned for blasphemy against Islam.[33],,
Malaysia,<NA>,Onward Muslim Soldiers,Robert B. Spencer,2003,<NA>,<NA>,Non‑fiction,"On July 12, 2007, the government of Malaysia announced a ban on Spencer's book, citing ""confusion and anxiety among the Muslims"" as the cause.[183]",,
Malaysia,<NA>,Fifty Shades Trilogy,E. L. James,2011–2012,<NA>,<NA>,Novel,"The entire trilogy was banned in Malaysia from 2015 for containing ""sadistic"" material and ""threat to morality"".[184]",,
Malaysia,<NA>,The Mask of Sanity (2017),Jacob M. Appel,2017,<NA>,<NA>,Novel,Banned pre-emptively in Malaysia for blasphemy.[185],,
Malaysia,<NA>,"Rebirth: Reformasi, Resistance, and Hope in New Malaysia",Kean Wong,2020,<NA>,<NA>,Non‑fiction,"Banned for containing insulting elements to the Malaysian coat of arms which is likely to be prejudicial to public order, security, national interest, alarm public opinion and contrary to any law, and therefore is ""absolutely prohibited throughout Malaysia"".[186]",,
Malaysia,<NA>,Gay is OK! A Christian Perspective (2013‍–‍2022),Boon Lin Ngeo,2013,<NA>,<NA>,Non‑fiction,"Banned for attempting to promote homosexual culture in Malaysia, which goes against religious and cultural sensitivities in the country.[187] In 2022, the ban was challenged through a judicial review petition in High Court of Kuala Lumpur. The court quashed the ban and ordered the Home Ministry of Malaysia to pay RM 5000 to the author.[188]",,
Malaysia,<NA>,Peichi (Tamil: பேய்ச்சி),Ma. Naveen,2020,<NA>,<NA>,Novel,"Banned for containing pornographic and immoral content.[189] Notably, it was the first Tamil language publication to be banned in the country.",,
Malaysia,<NA>,A Million Kisses in Your Lifetime,Monica Murphy,2022,<NA>,<NA>,Novel,"The ministry explained on January 7, 2025, that the ban is part of a preventive measure to stop the spread of ideologies and movements that conflict with Malaysia's multicultural values.",,
Malaysia,<NA>,Lose You to Find Me,Erik J. Brown,2023,<NA>,<NA>,Novel,"The ministry explained on January 7, 2025, that the ban is part of a preventive measure to stop the spread of ideologies and movements that conflict with Malaysia's multicultural values.",,
Malaysia,<NA>,Punai,Asyraf Bakti,2022,<NA>,<NA>,Novel,"The ministry explained on January 7, 2025, that the ban is part of a preventive measure to stop the spread of ideologies and movements that conflict with Malaysia's multicultural values.",,
Malaysia,<NA>,Scattered Showers,Rainbow Rowell,2022,<NA>,<NA>,Novel,"The ministry explained on January 7, 2025, that the ban is part of a preventive measure to stop the spread of ideologies and movements that conflict with Malaysia's multicultural values.",,
Malaysia,<NA>,When Everything Feels Like The Movie,Raziel Reid,2014,<NA>,<NA>,Novel,"The ministry explained on January 7, 2025, that the ban is part of a preventive measure to stop the spread of ideologies and movements that conflict with Malaysia's multicultural values.",,
Malaysia,<NA>,What If It's Us,Becky Albertalli and Adam Silverra,2018,<NA>,<NA>,Novel,"The ministry explained on January 7, 2025, that the ban is part of a preventive measure to stop the spread of ideologies and movements that conflict with Malaysia's multicultural values.",,
Malaysia,<NA>,My Shadow is Purple,Scott Stuart,2022,<NA>,<NA>,Fiction,"Banned for attempting to promote homosexual culture in Malaysia, which goes against religious and cultural sensitivities in the country. The home ministry said these books have been banned under Section 7(1) of Act 301 as they are considered 'undesirable publications' on January 21, 2025, and was later publicly announced on February 8.",,
Malaysia,<NA>,Koleksi Puisi Masturbasi,Benz Ali,2015,<NA>,<NA>,Poetry,"Banned for its suggestive name and immoral content. The home ministry said these books have been banned under Section 7(1) of Act 301 as they are considered 'undesirable publications' on January 22, 2025, and was later publicly announced on February 8.",,
Malaysia,<NA>,All That's Left in the World,Erik J. Brown,2022,<NA>,<NA>,Novel,"Banned for attempting to promote homosexual culture in Malaysia, which goes against religious and cultural sensitivities in the country. The home ministry said these books have been banned under Section 7(1) of Act 301 as they are considered 'undesirable publications' on January 22, 2025, and was later publicly announced on February 8.",,
Morocco,<NA>,Notre ami le roi (1993),Gilles Perrault,1993,<NA>,<NA>,Biography of Hassan II of Morocco,"Banned in Morocco. This book is a biography of King Hassan and examines cases of torture, killing, and political imprisonment said to have been carried out by the Moroccan government at his orders.[190]",,
Morocco,<NA>,Le roi prédateur (2012),Catherine Graciet and Éric Laurent,2012,<NA>,<NA>,Investigative journalism,"Banned in Morocco. This book makes allegedly ""defamatory"" accusations of corruption against Mohammed VI of Morocco, after investigating the exponential growth of his wealth.[191][192]",,
Mauritius,<NA>,The Rape of Sita (1993),Lindsay Collen,1993,<NA>,<NA>,Novel,Banned for blasphemy against Hindu goddess.,,
Nepal,<NA>,The Satanic Verses (1988),Salman Rushdie,1988,<NA>,<NA>,Novel,Banned for blasphemy against Islam.[33],,
Nepal,<NA>,A Modern Approach to Social Studies (2010),Unknown,2010,<NA>,<NA>,School textbook,Banned for blasphemy against Islam.[193],,
Nepal,<NA>,Self Study Material on Nepal's Territory and Border (2020),"Ministry of Education, Science and Technology",2020,<NA>,<NA>,Map book,Banned for irredentist views regarding the country's neighbors.[193][failed verification],,
Netherlands,<NA>,The Cover-up General,Edwin Giltay,2014,<NA>,<NA>,Non‑fiction thriller,Banned in the Netherlands by court order in 2015 as a former spy of Dutch military intelligence claimed she was described falsely in this Srebrenica book.[194] Ban lifted by the Court of Appeal of The Hague in 2016.[195][196],,
New Zealand,<NA>,Lolita (1955),Vladimir Nabokov,1955,<NA>,<NA>,Novel,"Banned for being ""obscene""; uncensored in 1964.[2]",,
New Zealand,<NA>,Borstal Boy,Brendan Behan,1958,<NA>,<NA>,Autobiographical novel,Banned shortly after its ban in Ireland in 1958. It was allowed to be published in New Zealand in 1963.[15],,
New Zealand,<NA>,The Peaceful Pill Handbook (2007),Philip Nitschke and Fiona Stewart,2007,<NA>,<NA>,Instructional manual on euthanasia,"Initially banned in New Zealand by Office of Film & Literature Classification since it was deemed to be objectionable.[197] In May 2008, an edited version of the book was allowed for sale if sealed and an indication of the censorship classification was displayed.",,
New Zealand,<NA>,Into the River (2012),Ted Dawe,2012,<NA>,<NA>,Novel,Banned in New Zealand in 2015; subsequently unrestricted in the same year.[198],,
Nigeria,<NA>,My Watch (2005),Olusegun Obasanjo,2014,<NA>,<NA>,Autobiography,Banned in Nigeria because this three-volume memoir of the former Nigerian president were highly critical of nearly everyone in Nigerian politics. The books were ordered to be seized by the High Court in Nigeria until a libel case had been heard in court.[199],,
Norway,<NA>,Fra Kristiania-Bohêmen,Hans Jæger,1885,<NA>,<NA>,Novel,Sexually explicit.[200],,
Norway,<NA>,Albertine,Christian Krohg,1886,<NA>,<NA>,Novel,Sexually explicit.[201],,
Norway,<NA>,Snorri the Seal (1941),Frithjof Sælen,1941,<NA>,<NA>,Fable,Satirical book banned during the German occupation of Norway.[202],,
Norway,<NA>,The Song of the Red Ruby,Agnar Mykle,1956,<NA>,<NA>,Novel,Sexually explicit. Ban lifted in 1958.[203],,
Norway,<NA>,Without a Stitch,Jens Bjørneboe,1966,<NA>,<NA>,Novel,Sexually explicit. The ban was never formally lifted.[204],,
Pakistan,<NA>,Satyarth Prakash,Dayananda Saraswati,1875,<NA>,<NA>,Religious text,Swami Dayananda's religious text Satyarth Prakash was banned in some princely states and in Sindh in 1944 and is still banned in Sindh.[205],,
Pakistan,<NA>,Rangila Rasul (1927),Pt. Chamupati,1927,<NA>,<NA>,Religious,"Currently banned in India, Pakistan, and Bangladesh.[32]",,
Pakistan,<NA>,Jinnah of Pakistan (1982),Stanley Wolpert,1982,<NA>,<NA>,Biography,Banned in 1984 by the military dictator Zia-ul-Haq's government because of some 'offending passages'. Ban lifted in 1989 by the next democratic government.[206],,
Pakistan,<NA>,The Satanic Verses (1988),Salman Rushdie,1988,<NA>,<NA>,Novel,Banned for blasphemy against Islam.[33],,
Pakistan,<NA>,The Truth About Muhammad,Robert Spencer,2006,<NA>,<NA>,Non‑fiction,"On December 20, 2006, the government of Pakistan announced a ban on Spencer's book, citing ""objectionable material"" as the cause.[207]",,
Papal States,<NA>,On the Origins and Perpetual Use of the Legislative Powers of the Apostolic Kings of Hungary in Matters Ecclesiastical (1764),Adam F. Kollár,1764,<NA>,<NA>,Political,Banned in the Papal States for arguments against the political role of the Roman Catholic Church.[208] Original title: De Originibus et Usu perpetuo.,,
Papua New Guinea,<NA>,The Satanic Verses (1988),Salman Rushdie,1988,<NA>,<NA>,Novel,Banned for blasphemy against Islam.[33],,
Philippines,<NA>,Noli Me Tángere,Jose Rizal,1887.0,<NA>,<NA>,Novel,Banned by Spanish colonial authorities in the Philippines due to being critical to the Spanish government.[209],,
Philippines,<NA>,El Filibusterismo,Jose Rizal,1891.0,<NA>,<NA>,Novel,Banned by Spanish colonial authorities in the Philippines due to being critical to the Spanish government.[209],,
Philippines,<NA>,The Conjugal Dictatorship of Ferdinand and Imelda Marcos,Primitivo Mijares,1976.0,<NA>,<NA>,Non-fiction,Banned for during the Martial Law period due to being critical of the administration of President Ferdinand Marcos.[210],,
Philippines,<NA>,The Untold Story of Imelda Marcos,Carmen Pedrosa,,<NA>,<NA>,Biography,"Banned in 1972, shortly after the start of the Martial Law period under President Ferdinand Marcos. The ""unauthorized"" biography was banned for the depiction of First Lady Imelda Marcos' extravagance.[210]",,
Philippines,<NA>,"Tawid diwa sa pananagisag ni Bienvenido Lumbera: Ang Bayan, ang Nanunulat at ang Magasing Sagisag sa Imahinatibong Yugto ng Batas Militar 1975–1979",Dexter Cayanes,,<NA>,<NA>,,"Research on the literary works by Bienvenido Lumbera, who was imprisoned during the Martial Law period under President Ferdinand Marcos. Banned in 2022 by the Commission on the Filipino Language (KWF) from public libraries and schools for being ""anti‑government"".[211]",,
Philippines,<NA>,Teatro Political Dos,Malou Jacob,,<NA>,<NA>,,"Banned in 2022 by the Commission on the Filipino Language (KWF) from public libraries and schools for being ""anti‑government"". The works are previously published under the auspices of the KWF.[211]",,
Philippines,<NA>,Kalatas: Mga Kuwentong Bayan at Kuwentong Buhay,Rommel Rodriguez,,<NA>,<NA>,,"Banned in 2022 by the Commission on the Filipino Language (KWF) from public libraries and schools for being ""anti‑government"". The works are previously published under the auspices of the KWF.[211]",,
Philippines,<NA>,May Hadlang ang Umaga,Don Pagusara,,<NA>,<NA>,,"Banned in 2022 by the Commission on the Filipino Language (KWF) from public libraries and schools for being ""anti‑government"". The works are previously published under the auspices of the KWF.[211]",,
Philippines,<NA>,Labas: Mga Palabas ng Sentro,Reuel Aguilla,,<NA>,<NA>,,"Banned in 2022 by the Commission on the Filipino Language (KWF) from public libraries and schools for being ""anti‑government[211]",,
Poland,<NA>,Mirror of the Polish Crown (1618),Sebastian Miczyński,1618,<NA>,<NA>,Anti‑Semitic pamphlet,"Because this pamphlet published in 1618 was one of the causes of the anti-Jewish riots in Cracow, it was banned by Sigismund III Vasa.[212]",,
Poland,<NA>,Mein Kampf (1925),Adolf Hitler,1925,<NA>,<NA>,Political manifesto,Banned until 1992.[128],,
Portugal,<NA>,História do Mundo para as Crianças [pt],Monteiro Lobato,1933,<NA>,<NA>,Novel,"The book was banned by the Portuguese government without any clear reason. According to the author, one possible reason was because he was from the ""current of thought what claims that the discovery of Brazil happened 'by random'"" or by the fact he ""have registered the history of the 1600 years cut to the Arabian navy by Vasco da Gama"".[213]",,
Portugal,<NA>,New Portuguese Letters (Novas Cartas Portuguesas),"Maria Isabel Barreno, Maria Teresa Horta and Maria Velho da Costa",1972,<NA>,<NA>,,"Banned as ""pornographic and an offense to public morals""; authors charged with ""abuse of the freedom of the press"" and ""outrage to public decency""; uplifted after the Carnation Revolution in 1974.[214]",,
Qatar,<NA>,The Boys,Garth Ennis,2012,<NA>,<NA>,Comic book series,Banned in Qatar in 2012.[215][further explanation needed],,
Qatar,<NA>,The Man Who Wouldn't Stand Up (2012),Jacob M. Appel,2012,<NA>,<NA>,Novel,Banned in Qatar in 2014 for its depiction of Islam.[216],,
Qatar,<NA>,Love Comes Later (2014),Mohanalakshmi Rajakumar,2014,<NA>,<NA>,Novel,Banned in Qatar.[217],,
Roman Empire,<NA>,Thalia,Arius (AD 250 or 256 ‍–‍ 336),,<NA>,<NA>,"Theological tract, partly in verse","Banned in the Roman Empire in the 330's+ for contradicting Trinitarianism. All of Arius writings were ordered burned and Arius exiled, and presumably assassinated for his writings.[218] Banned by the Catholic Church for the next thousand plus years.[citation needed]",,
Russia,<NA>,Quran,Unknown,,<NA>,<NA>,Religious text,"In 2013, a Russian court in Novorossiysk banned a translation of the Quran by Elmir Kuliyev under the country's 'extremism' laws.[219] The ban was soon overturned.[220]",,
Russia,<NA>,Rights of Man (1791),Thomas Paine,1791.0,<NA>,<NA>,Political theory,Banned in Tsarist Russia after the Decembrist revolt.[221],,
Russia,<NA>,The Communist Manifesto,Karl Marx and Friedrich Engels,1848.0,<NA>,<NA>,Political Manifesto,"Prohibited by several countries, including Tsarist Russia.[125]",,
Russia,<NA>,Looking Backward,Edward Bellamy,1888.0,<NA>,<NA>,Novel,Prohibited by the Tsarist Russian censors.[222],,
Russia,<NA>,The Protocols of the Elders of Zion (1903),Unknown,1903.0,<NA>,<NA>,"A forgery, portraying a Jewish conspiracy to take over the world","Banned in various libraries and many attempts to ban in various nations, such as in Russia.[citation needed]",,
Russia,<NA>,Mein Kampf (1925),Adolf Hitler,1925.0,<NA>,<NA>,Political manifesto,Banned in the Russian Federation as extremist.[223],,
Russia,<NA>,Apocalypse Culture,Adam Parfrey,1987.0,<NA>,<NA>,Non-fiction,"Collection of articles, interviews and documents exploring various marginal aspects of 20th century culture. In 2006, shortly after Ultra.Kultura (Ультра.Культура) published a Russian edition combining Apocalypse Culture and Apocalypse Culture II as a single volume titled Культура времен Апокалипсиса, the volume was banned by Kremlin decree.",,
Russia,<NA>,Siege,James Mason,1992.0,<NA>,<NA>,Non-fiction,"Anthology of essays advocating for neo-Nazi revolution through terrorism. Banned on August 14, 2023.[224]",,
Russia,Soviet Union,Works,Friedrich Nietzsche,1872–1901,<NA>,<NA>,Non-fiction,"Banned in Soviet Union since 1923 on proposal of Nadezhda Krupskaya. All works were placed on the list of forbidden books and kept in libraries only for restricted, authorized use.[225]",,
Russia,Soviet Union,Animal Farm,George Orwell,1945,<NA>,<NA>,Political novella,"Completed in 1943, Orwell found that no publisher would print the book, due to its criticism of the USSR, an important ally of Britain in the War.[226] Once published, the book was banned in the USSR and other communist countries.[227]",,
Russia,Soviet Union,Nineteen Eighty-Four (1949),George Orwell,1949,<NA>,<NA>,Novel,"Banned by the Soviet Union[128] in 1950, as Stalin understood that it was a satire based on his leadership. It was not until 1990 that the Soviet Union legalised the book and it was re-released after editing.[228]",,
Russia,Soviet Union,Doctor Zhivago,Boris Pasternak,1955–1988,<NA>,<NA>,Novel,"Banned in the Soviet Union until 1988 for criticizing life in Russia after the Russian Revolution. When its author, Boris Pasternak, won the Nobel Prize for Literature in 1958, he was forced to reject it under government pressure.[128]",,
Russia,Soviet Union,One Day in the Life of Ivan Denisovich (1962),Alexander Solzhenitsyn,1962,<NA>,<NA>,Novel,Banned from publication in the Soviet Union in 1964.[163],,
Russia,Soviet Union,The First Circle (1968),Aleksandr Solzhenitsyn,1968,<NA>,<NA>,Novel,"After Nikita Khrushchev was removed from power in 1964, all extant and forthcoming works by Aleksandr Solzhenitsyn were banned in the Soviet Union. This work details the lives of scientists forced to work in a Stalinist research center.[229]",,
Russia,Soviet Union,The Gulag Archipelago (1973),Aleksandr Solzhenitsyn,1973,<NA>,<NA>,Non-fiction,"Banned in the Soviet Union because it went against the image the Soviet Government tried to project of itself and its policies.[230] However, it has been available in the former Soviet Union since at least the 1980s. In 2009, the Education Ministry of Russia added The Gulag Archipelago to the curriculum for high-school students.[231]",,
Saudi Arabia,<NA>,Queen of Sheba and Biblical Scholarship,Bernard Leeman,,<NA>,<NA>,History,Currently banned in Saudi Arabia for suggesting the Hebrews originated in Yemen and their Israelite successors established their original pre‍–‍586 B.C.E. kingdoms of Israel and Judah between Medina and Yemen.[citation needed],,
Saudi Arabia,<NA>,Goat Days,Benyamin & Joseph Koyippally,2008,<NA>,<NA>,Novel,Currently banned in Saudi Arabia.[232][233],,
Saudi Arabia,<NA>,Fazail-e-Amaal,Zakariyya Kandhlawi,Sometime between the 1920s and 1950s,<NA>,<NA>,Sufi evangalism,Currently banned in Saudi Arabia.[234][235],,
Senegal,<NA>,The Satanic Verses (1988),Salman Rushdie,1988,<NA>,<NA>,Novel,Banned for blasphemy against Islam.[33],,
Singapore,<NA>,"Value, Price and Profit",Karl Marx,1865,<NA>,<NA>,Non‑fiction,Banned under the Internal Security (Prohibition of Publications) (Consolidation) Order.[236],,
Singapore,<NA>,"Origin of Family, Private Property and State",Friedrich Engels,1884,<NA>,<NA>,Non‑fiction,Banned under the Internal Security (Prohibition of Publications) (Consolidation) Order.[236],,
Singapore,<NA>,"One Step Forward, Two Steps Back",Vladimir Lenin,1904,<NA>,<NA>,Non‑fiction,Banned under the Internal Security (Prohibition of Publications) (Consolidation) Order.[236],,
Singapore,<NA>,Theories of Surplus Value,Karl Marx,1905,<NA>,<NA>,Non‑fiction,Banned under the Internal Security (Prohibition of Publications) (Consolidation) Order.[236],,
Singapore,<NA>,Two Tactics of Social Democracy in the Democratic Revolution,Vladimir Lenin,1905,<NA>,<NA>,Non‑fiction,Banned under the Internal Security (Prohibition of Publications) (Consolidation) Order.[236],,
Singapore,<NA>,Anarchism or Socialism?,Joseph Stalin,1907,<NA>,<NA>,Non‑fiction,Banned under the Internal Security (Prohibition of Publications) (Consolidation) Order.[236],,
Singapore,<NA>,Fundamental Problems of Marxism,Georgi Plekhanov,1908,<NA>,<NA>,Political pamphlet,Banned under the Internal Security (Prohibition of Publications) (Consolidation) Order.[236],,
Singapore,<NA>,Heroines of the Modern Progress,Elmer C. Adams,1913,<NA>,<NA>,Non-fiction,Banned under the Internal Security (Prohibition of Publications) (Consolidation) Order.[236],,
Singapore,<NA>,The Right of Nations to Self-Determination,Vladimir Lenin,1914,<NA>,<NA>,Non-fiction,Banned under the Internal Security (Prohibition of Publications) (Consolidation) Order.[236],,
Singapore,<NA>,What Is to Be Done?,Vladimir Lenin,1917,<NA>,<NA>,Non-fiction,Banned under the Internal Security (Prohibition of Publications) (Consolidation) Order.[236],,
Singapore,<NA>,"Imperialism, the Highest Stage of Capitalism",Vladimir Lenin,1917,<NA>,<NA>,Non-fiction,Banned under the Internal Security (Prohibition of Publications) (Consolidation) Order.[236],,
Singapore,<NA>,State and Revolution,Vladimir Lenin,1917,<NA>,<NA>,Non-fiction,Banned under the Internal Security (Prohibition of Publications) (Consolidation) Order.[236],,
Singapore,<NA>,The Proletarian Revolution and the Renegade Kautsky,Vladimir Lenin,1918,<NA>,<NA>,Non-fiction,Banned under the Internal Security (Prohibition of Publications) (Consolidation) Order.[236],,
Singapore,<NA>,Friedrich Engels: A Biography,Gustav Mayer,1920,<NA>,<NA>,Biography,Banned under the Internal Security (Prohibition of Publications) (Consolidation) Order.[236],,
Singapore,<NA>,"""Left-Wing"" Communism: An Infantile Disorder",Vladimir Lenin,1920,<NA>,<NA>,Non‑fiction,Banned under the Internal Security (Prohibition of Publications) (Consolidation) Order.[236],,
Singapore,<NA>,On Cooperation,Vladimir Lenin,1923,<NA>,<NA>,Non‑fiction,Banned under the Internal Security (Prohibition of Publications) (Consolidation) Order.[236],,
Singapore,<NA>,Problems of Leninism,Joseph Stalin,1926,<NA>,<NA>,Non‑fiction,Banned under the Internal Security (Prohibition of Publications) (Consolidation) Order.[236],,
Singapore,<NA>,"Time, Forward!",Valentin Kataev,1932,<NA>,<NA>,Novel,Banned under the Internal Security (Prohibition of Publications) (Consolidation) Order.[236],,
Singapore,<NA>,How the Steel Was Tempered,Nikolai Ostrovsky,1936,<NA>,<NA>,Novel,Banned under the Internal Security (Prohibition of Publications) (Consolidation) Order.[236],,
Singapore,<NA>,Marxism and the National and Colonial Question,Joseph Stalin,1937,<NA>,<NA>,Non-fiction,Banned under the Internal Security (Prohibition of Publications) (Consolidation) Order.[236],,
Singapore,<NA>,Combat Liberalism,Mao Zedong,1937,<NA>,<NA>,Non-fiction,Banned under the Internal Security (Prohibition of Publications) (Consolidation) Order.[236],,
Singapore,<NA>,The A to Z of the Soviet Union,Alex Page,1946,<NA>,<NA>,Non-fiction,Banned under the Internal Security (Prohibition of Publications) (Consolidation) Order.[236],,
Singapore,<NA>,Aspects of China's Anti-Japanese Struggle,Mao Zedong,1948,<NA>,<NA>,Non-fiction,Banned under the Internal Security (Prohibition of Publications) (Consolidation) Order.[236],,
Singapore,<NA>,The Case for Communism,William Gallacher,1949,<NA>,<NA>,Non-fiction,Banned under the Internal Security (Prohibition of Publications) (Consolidation) Order.[236],,
Singapore,<NA>,Twilight of World Capitalism,William Z. Foster,1949,<NA>,<NA>,Non-fiction,Banned under the Internal Security (Prohibition of Publications) (Consolidation) Order.[236],,
Singapore,<NA>,Concerning Marxism in Linguistics,Joseph Stalin,1950,<NA>,<NA>,Non-fiction,Banned under the Internal Security (Prohibition of Publications) (Consolidation) Order.[236],,
Singapore,<NA>,The Social and State Structure of the USSR,Alexander Karpinsky,1952,<NA>,<NA>,Non-fiction,Banned under the Internal Security (Prohibition of Publications) (Consolidation) Order.[236],,
Singapore,<NA>,The Satanic Verses,Salman Rushdie,1988,<NA>,<NA>,Novel,Banned in 1989 for blasphemy against Islam.[33][237],,
Singapore,<NA>,What Islam Is All About,Yahiya Emerick,1997,<NA>,<NA>,Religious education,"Banned in 2018 for ""promoting enmity among different religious communities"".[238][239][240]",,
Singapore,<NA>,The Wisdom of Jihad,Abuhuraira Abdurrahman,2005,<NA>,<NA>,Non-fiction,"Banned in 2018 for ""promoting enmity among different religious communities"".[238][239][240]",,
Singapore,<NA>,Things that Nullify One's Islaam,Shaykh al‑Islaam Muhammad ibn 'Abdil‑Wahhaab,2013,<NA>,<NA>,Non-fiction,"Banned in 2018 for ""promoting enmity among different religious communities"".[238][239][240]",,
Singapore,<NA>,Red Lines: Political Cartoons and the Struggle Against Censorship,Cherian George and Sonny Liew,2021,<NA>,<NA>,Non-fiction,Banned in 2021 for offensive content against Muslims.[241],,
South Africa,<NA>,Frankenstein (1818),Mary Shelley,1818,<NA>,<NA>,Novel,"Banned in apartheid South Africa in 1955 for containing ""obscene"" or ""indecent"" material.[160]",,
South Africa,<NA>,"""The Lottery"" (1948)",Shirley Jackson,1948,<NA>,<NA>,Short story,Banned in South Africa during Apartheid.[242],,
South Africa,<NA>,Lolita (1955),Vladimir Nabokov,1955,<NA>,<NA>,Novel,"Banned for being ""obscene"".[2]",,
South Africa,<NA>,A World of Strangers,Nadine Gordimer,1958,<NA>,<NA>,Novel,Banned in South Africa because of its criticism of Apartheid.[243],,
South Africa,<NA>,Why We Can't Wait,Martin Luther King Jr.,1964,<NA>,<NA>,Non-fiction,Banned in South Africa because of its criticism of white supremacy.[244],,
South Africa,<NA>,The First Book of Africa,Langston Hughes,1964,<NA>,<NA>,Non‑fiction; Children's book,Banned in South Africa for its celebration of Black African culture.[244],,
South Africa,<NA>,The Autobiography of Malcolm X,Malcolm X with Alex Haley,1965,<NA>,<NA>,Non-fiction,Banned in South Africa because of its criticism of white supremacy.[244],,
South Africa,<NA>,Black Power: The Politics of Liberation,Stokely Carmichael and Charles V. Hamilton,1967,<NA>,<NA>,Non-fiction,Banned in South Africa because of its criticism of white supremacy.[244],,
South Africa,<NA>,Soul on Ice,Eldridge Cleaver,1968,<NA>,<NA>,Non-fiction,"Banned in South Africa because of its criticism of white supremacy, and its sexual content.[244]",,
South Africa,<NA>,The Satanic Bible (1969),Anton LaVey,1969,<NA>,<NA>,Religious text,Banned during apartheid in South Africa from 1973 to 1993 for moral reasons.[245],,
South Africa,<NA>,The Struggle Is My Life,Nelson Mandela,1978,<NA>,<NA>,Non-fiction,Banned in Apartheid South Africa until 1990.[246],,
South Africa,<NA>,Burger's Daughter,Nadine Gordimer,1979,<NA>,<NA>,Novel,Banned in South Africa in July 1979 for going against the government's racial policies; the ban was reversed in October of the same year.[163],,
South Africa,<NA>,July's People (1981),Nadine Gordimer,1981,<NA>,<NA>,Novel,Banned during the Apartheid-era in South Africa.[247] July's People is now included in the South African school curriculum.[248],,
South Korea,<NA>,Year 501: The Conquest Continues,Noam Chomsky,<NA>,<NA>,<NA>,Politics,"Banned from distribution within the South Korean military as part of 23 books banned on August 1, 2008, by the South Korean Ministry of National Defense in response to intelligence suggesting a book‑distribution campaign to active‑duty soldiers by the pro‍–‍North Korean Hanchongnyon.[249] The books were classified into three categories: 11 for praise of North Korea, 10 for anti‑government/anti‑American content, and two for anti‑capitalism.[250][251]",,2000.0
South Korea,<NA>,What Uncle Sam Really Wants,Noam Chomsky,<NA>,<NA>,<NA>,Politics,"Banned from distribution within the South Korean military as part of 23 books banned on August 1, 2008, by the South Korean Ministry of National Defense in response to intelligence suggesting a book‑distribution campaign to active‑duty soldiers by the pro‍–‍North Korean Hanchongnyon.[249] The books were classified into three categories: 11 for praise of North Korea, 10 for anti‑government/anti‑American content, and two for anti‑capitalism.[250][251]",,2007.0
South Korea,<NA>,Guerillas of the Kingdom of Samsung,Pressian,<NA>,<NA>,<NA>,Politics,"Banned from distribution within the South Korean military as part of 23 books banned on August 1, 2008, by the South Korean Ministry of National Defense in response to intelligence suggesting a book‑distribution campaign to active‑duty soldiers by the pro‍–‍North Korean Hanchongnyon.[249] The books were classified into three categories: 11 for praise of North Korea, 10 for anti‑government/anti‑American content, and two for anti‑capitalism.[250][251]",,2008.0
South Korea,<NA>,Auf Der Universität,Theodor Storm,<NA>,<NA>,<NA>,Politics,"Banned from distribution within the South Korean military as part of 23 books banned on August 1, 2008, by the South Korean Ministry of National Defense in response to intelligence suggesting a book‑distribution campaign to active‑duty soldiers by the pro‍–‍North Korean Hanchongnyon.[249] The books were classified into three categories: 11 for praise of North Korea, 10 for anti‑government/anti‑American content, and two for anti‑capitalism.[250][251]",,1999.0
South Korea,<NA>,The Global Trap,Hans-Peter Martin and Harald Schumann,<NA>,<NA>,<NA>,Politics,"Banned from distribution within the South Korean military as part of 23 books banned on August 1, 2008, by the South Korean Ministry of National Defense in response to intelligence suggesting a book‑distribution campaign to active‑duty soldiers by the pro‍–‍North Korean Hanchongnyon.[249] The books were classified into three categories: 11 for praise of North Korea, 10 for anti‑government/anti‑American content, and two for anti‑capitalism.[250][251]",,2003.0
South Korea,<NA>,Bad Samaritans: The Myth of Free Trade and the Secret History of Capitalism,Ha-Joon Chang,<NA>,<NA>,<NA>,Non‑fiction,"Banned from distribution within the South Korean military as part of 23 books banned on August 1, 2008, by the South Korean Ministry of National Defense in response to intelligence suggesting a book‑distribution campaign to active‑duty soldiers by the pro‍–‍North Korean Hanchongnyon.[249] The books were classified into three categories: 11 for praise of North Korea, 10 for anti‑government/anti‑American content, and two for anti‑capitalism.[250][251]",,2007.0
South Korea,<NA>,One Spoon on This Earth,Hyun Ki-young,<NA>,<NA>,<NA>,Novel,"Banned from distribution within the South Korean military as part of 23 books banned on August 1, 2008, by the South Korean Ministry of National Defense in response to intelligence suggesting a book‑distribution campaign to active‑duty soldiers by the pro‍–‍North Korean Hanchongnyon.[249] The books were classified into three categories: 11 for praise of North Korea, 10 for anti‑government/anti‑American content, and two for anti‑capitalism.[250][251]",,1999.0
South Korea,<NA>,Slots,Shin Gyeong-jin,<NA>,<NA>,<NA>,Novel,"Banned as part of 19 books added in August 2011 to the 2008 banned book list, all belonging to the 'anti‑capitalism' category.[252]",,2007.0
South Korea,<NA>,Respect: Everything a Guy Needs to Know About Sex,Inti Chavez Perez,<NA>,<NA>,<NA>,Non‑fiction,"Banned from distribution to readers below the age of 19 through schools, libraries and book stores in 2024 by the South Korean Ministry of Culture, Sports and Tourism. The book was reported to authorities as part of a campaign against books on sex education.[253]",,2020.0
Spain,<NA>,Works,Johannes Kepler,1596–1634,<NA>,<NA>,Non-fiction,Banned by Habsburg Monarchy of Spain for perceived heresy.[254],,
Spain,<NA>,Works,Voltaire,1727–1778,<NA>,<NA>,"Novels, Plays, Non-fiction","Voltaire's entire body of work was banned by the Bourbon Monarchy of Spain, after it was condemned by the Spanish Inquisition.[255]",,
Spain,<NA>,Works,Vicente Blasco Ibáñez,1892–1928,<NA>,<NA>,"Novels, Non‑fiction",All of Blasco Ibáñez's books were banned by the Franco government in 1939.[256],,
Spain,<NA>,A Short History of the World,H. G. Wells,1922,<NA>,<NA>,Non-fiction,"An expanded, Spanish‑language translation of A Short History of the World, discussing recent world events, was banned by Spanish censors in 1940. This edition of A Short History was not published in Spain until 1963. In two 1948 reports, Spanish censors gave a list of objections to the books's publication. These were that the book ""shows socialist inclinations, attacks the Catholic Church, gives a twisted interpretation of the Spanish Civil War and the Spanish National Movement, and contains 'tortuous concepts'.""[257]",,
Spain,<NA>,Ulysses,James Joyce,1922,<NA>,<NA>,Novel,The complete 1945 Spanish‑language translation of Ulysses was suppressed by the Spanish authorities until 1962.[258],,
Spain,<NA>,The Story of Ferdinand,Munro Leaf,1936,<NA>,<NA>,Children's fiction,Banned in Francoist Spain.[131],,
Spain,<NA>,Homage to Catalonia,George Orwell,1938,<NA>,<NA>,Non-fiction,Banned in Francoist Spain for its support of the Republican faction during the Spanish Civil War.[259],,
Spain,<NA>,For Whom the Bell Tolls,Ernest Hemingway,1940,<NA>,<NA>,Novel,Suppressed by the Spanish authorities until 1968.[260],,
Spain,<NA>,Works,Federico García Lorca,1939,<NA>,<NA>,"Poetry, drama",Banned until 1954; published in Argentina.[261],,
Spain,<NA>,You Can't Be Too Careful,H. G. Wells,1941,<NA>,<NA>,Novel,"Banned in Francoist Spain for criticizing Christianity, and for mentioning the Bombing of Guernica by the Axis air forces.[262]",,
Spain,<NA>,The Spanish Labyrinth,Gerald Brenan,1943,<NA>,<NA>,Non-fiction,Banned in Francoist Spain because of its strong criticism of the Nationalist Faction's actions during the Spanish Civil War.[263],,
Spain,<NA>,The Second Sex,Simone de Beauvoir,1949,<NA>,<NA>,Non-fiction,Banned in Francoist Spain for its advocacy of feminism.[264],,
Spain,<NA>,The Hive,Camilo José Cela,1950,<NA>,<NA>,Fiction,Banned by censors of Francoist Spain.[265],,
Spain,<NA>,The Spanish Civil War,Hugh Thomas,1961,<NA>,<NA>,Non-fiction,"Banned by censors of Francoist Spain for its negative depiction of the Nationalist Faction during the Civil War, and its critique of the Franco regime.[266]",,
Spain,<NA>,The Death of Lorca,Ian Gibson,1971,<NA>,<NA>,Biography,Banned briefly in Spain.[267],,
Sri Lanka,<NA>,The Satanic Verses (1988),Salman Rushdie,1988,<NA>,<NA>,Novel,Banned for blasphemy against Islam.[33],,
Tanzania,<NA>,The Satanic Verses (1988),Salman Rushdie,1988,<NA>,<NA>,Novel,Banned for blasphemy against Islam.[33],,
Taiwan,<NA>,Various works,Shen Congwen,1902–1988,<NA>,<NA>,Novels,"""Denounced by the Communists and Nationalists alike, Mr. Shen saw his writings banned in Taiwan, while mainland China publishing houses burned his books and destroyed printing plates for his novels.""[268]",,
Thailand,<NA>,The Devil's Discus,Rayne Kruger,1964,<NA>,<NA>,Non-fiction,Banned in Thailand in 2006 for violating the country's lese-majesté rules through its discussion of the murder of Thailand's king in 1946.[269][further explanation needed],,
Thailand,<NA>,The Satanic Verses (1988),Salman Rushdie,1988,<NA>,<NA>,Novel,Banned for blasphemy against Islam.[33],,
Thailand,<NA>,The King Never Smiles (2006),Paul M. Handley,2006,<NA>,<NA>,Biography,Banned in Thailand for its criticism of King Bhumibol Adulyadej.[270],,
Thailand,<NA>,Rama X: The Thai Monarchy under King Vajiralongkorn (2006),Pavin Chachavalpongpun,2024,<NA>,<NA>,Biography,Banned in Thailand for its criticism of King Vajiralongkorn.[271],,
Uganda,<NA>,The Greedy Barbarian,Kakwenza Rukirabashaija,2020,<NA>,<NA>,Novel,Satirical novel which describes high-level corruption in a fictional country.[272],,
Uganda,<NA>,From Third World to First,Lee Kuan Yew,2000,<NA>,<NA>,Memoir,,,
Uganda,<NA>,Betrayed By My Leader,John Kazoora,2012,<NA>,<NA>,Memoir,Kazoora provides insight into the events that led to the severance of ties with President Museveni and the National Resistance Movement[273],,
United Arab Emirates,<NA>,Animal Farm,George Orwell,1945,<NA>,<NA>,Political novella,"In 2002, the novel was banned in the schools of the United Arab Emirates, because it contained text or images that would go against Islamic values, most notably an anthropomorphic, talking pig as the leader of the farm. However, the ban is no longer enforced and has been recently lifted.[163]",,
United Arab Emirates,<NA>,Goat Days,Benyamin & Joseph Koyippally,2008,<NA>,<NA>,Novel,,,
United Kingdom,<NA>,Areopagitica,John Milton,1644,1644,1695,Essay,Banned in the Kingdom of England for political reasons.[274],,
United Kingdom,<NA>,Fanny Hill or Memoirs of a Woman of Pleasure,John Cleland,1748,1749,1970,Novel,Banned in the UK until after the Second World War.[275],,
United Kingdom,<NA>,Rights of Man,Thomas Paine,1791,1792,Pre-1990 *Unknown*,Political theory,Banned in the UK and author charged with treason for supporting the French Revolution.[160],,
United Kingdom,<NA>,Despised and Rejected,R. Allatini (under the pseudonym A. T. Fitzroy),1918,1918,1975[276],Novel,"Banned under the UK's Defence of the Realm Act for criticizing Britain's involvement in World War I, and for sympathetically depicting male homosexuality.[277]",,
United Kingdom,<NA>,Ulysses (1922),James Joyce,1922,,1936,Novel,Banned in the UK until 1936.[278][279],,
United Kingdom,<NA>,Lady Chatterley's Lover (1928),D. H. Lawrence,1928,,1960,Novel,Banned in the United Kingdom for violation of obscenity laws; the ban was lifted in 1960.[6],,
United Kingdom,<NA>,The Well of Loneliness (1928),Radclyffe Hall,1928,1928,1949,Novel,Banned in the UK in 1928 for its lesbian theme; republished in 1949.[280],,
United Kingdom,<NA>,Boy,James Hanley,1931,1934,1992,Novel,Prosecuted in 1934 after Hanley's publisher Boriswood lost a court case against a charge of obscenity.[281] Reprinted in 1992 by Penguin Books and André Deutsch.,,
United Kingdom,<NA>,Lolita,Vladimir Nabokov,1955,1955,1959[282],Novel,"Banned for being ""obscene"".[2]",,
United Kingdom,<NA>,Last Exit to Brooklyn,Hubert Selby Jr.,1966 (in the UK),1967,1968,Anthology of short stories,"Banned in Soho for frank depictions of taboo subjects, such as drug use, street violence, homosexuality, gender identity and domestic violence.[283]",,
United Kingdom,<NA>,Spycatcher,Peter Wright,1985,1985,1988,Autobiography,Banned in the UK from 1985 to 1988 for revealing secrets. Wright was a former MI5 intelligence officer and his book was banned before it was even published in 1987.[284][285],,
United Kingdom,<NA>,Lord Horror,David Britton,1990,1991,1992,Novel,Banned in England in 1991 where it was found obscene; it is currently the last book to be banned in the UK. The judge ordered the remaining print run to be destroyed. The ban was lifted in the Appeal Court in July 1992 but the book remains out of print.[286],,
United Kingdom,<NA>,The Anarchist Cookbook,William Powell,1971,*Unknown*,*Unknown*,Instructional,Criminal due to containing information useful to terrorists.[287][288],,
United Kingdom,<NA>,Kill or Get Killed,Rex Applegate,1976,*Unknown*,*Unknown*,Instructional,Criminal due to containing information useful to terrorists.[287][288],,
United Kingdom,<NA>,Put 'Em Down. Take 'Em Out. Knife Fighting Techniques From Folsom Prison,Don Pentecost,1988,*Unknown*,*Unknown*,Instructional,Criminal due to containing information useful to terrorists.[287][288],,
United States,<NA>,The Meritorious Price of Our Redemption (1650),William Pynchon,1650,<NA>,*Unknown*,Religious critique,"The first book banned in the New World. Pynchon, a prominent leader of the Massachusetts Bay Colony who, in 1636, founded the City of Springfield, Massachusetts, wrote this explicit critique of Puritanism, published in London in 1650. That year, several copies made their way back to the New World. Pynchon, who resided in Springfield, was unaware that his book suffered the New World's first book burning, on the Boston Common. Accused of heresy by the Massachusetts General Court, Pynchon quietly transferred ownership of the Connecticut River Valley's largest land‑holdings to his son, and then suffered indignities as he left the New World for England. It was the first work banned in Boston.[289]",,
United States,<NA>,Fanny Hill or Memoirs of a Woman of Pleasure,John Cleland,1748,<NA>,1959 and 1966,Novel,"Banned in the U.S. in 1821 for obscenity, then again in 1963. This was the last book ever banned by the U.S. government. U.S. obscenity laws were overturned in 1959 by the Supreme Court in Kingsley Pictures Corp. v. Regents.[290][291][129] See also Memoirs v. Massachusetts.",,
United States,<NA>,Candide,Voltaire,1759,<NA>,1959,Novel,Seized by U.S. Customs in 1930 for obscenity. U.S. obscenity laws were overturned in 1959 by the Supreme Court in Kingsley Pictures Corp. v. Regents.[290][291][160],,
United States,<NA>,Uncle Tom's Cabin (1852),Harriet Beecher Stowe,1852,<NA>,1865,Novel,Banned in the Confederate States during the Civil War because of its anti‑slavery content.,,
United States,<NA>,Elmer Gantry,Sinclair Lewis,1927,<NA>,1959,Novel,"Banned in Boston, Massachusetts, Kansas City, Missouri, Camden, New Jersey, and other U.S. cities, this novel by Sinclair focused on religiosity and hypocrisy in the United States during the 1920s by depicting a preacher (the Reverend Dr. Elmer Gantry) as a protagonist who preferred easy money, alcohol, and ""enticing young girls"" to saving souls, while converting a traveling tent revival crusade into a profitable and permanent evangelical church and radio empire for his employers. Elmer Gantry also widely denounced from pulpits across the United States at the time of its initial publication. U.S. obscenity laws were overturned in 1959 by the Supreme Court in Kingsley Pictures Corp. v. Regents.[290][291][292][293]",,
United States,<NA>,Lady Chatterley's Lover (1928),D. H. Lawrence,1928,<NA>,1959,Novel,Temporarily banned in the United States for violation of obscenity laws; the ban was lifted in 1959.[clarification needed][6],,
United States,<NA>,Tropic of Cancer (1934),Henry Miller,1934,<NA>,1964,Novel (fictionalized memoir),"Banned in the U.S. in the 1930s until the early 1960s, seized by US Customs for sexually explicit content and vulgarity. The rest of Miller's work was also banned by the U.S.[294] Also banned in South Africa until the late 1980s.[295]",,
United States,<NA>,The Grapes of Wrath (1939),John Steinbeck,1939,<NA>,*Unknown*,Novel,"Was temporarily banned in many places in the U.S. In the state of California in which it was partially set, it was banned for its alleged unflattering portrayal of residents of the area.[296]",,
United States,<NA>,Forever Amber (1944),Kathleen Winsor,1944,<NA>,*Unknown*,Novel,Banned in fourteen states in the U.S. Ban was lifted by an appeals court judge.[13][14],,
United States,<NA>,Memoirs of Hecate County (1946),Edmund Wilson,1946,<NA>,1959,Novel,Banned in the state of New York by the Supreme Court.[297],,
United States,<NA>,Howl (1955),Allen Ginsberg,1955,<NA>,1957,Poem,"Copies of the first edition seized by San Francisco Customs for obscenity in March 1957; after trial, obscenity charges were dismissed.[298]",,
United States,<NA>,Naked Lunch (1959),William S. Burroughs,1959,<NA>,1966,Novel,"Banned by Boston courts in 1962 for obscenity, but that decision was reversed in 1966 by the Massachusetts Supreme Judicial Court.[299]",,
United States,<NA>,"United States – Vietnam Relations, 1945–1967: A Study Prepared by the Department of Defense (1971)",Robert McNamara and the United States Department of Defense,1971,<NA>,"Injunction lifted in 1971, declassified in 2011",Government study,Also known as the Pentagon Papers. U.S. President Nixon attempted to suspend publication of classified information. The restraint was lifted by the U.S. Supreme Court in a 6–3 decision.[300] See also New York Times Co. v. United States.,,
United States,<NA>,The Federal Mafia,Irwin Schiff,1992,<NA>,"Available for free, but denied for sale as deceptive commercial speech, appeal affirmed in 2004.",Non-fiction,An injunction was issued by a US District Court in Nevada under 26 U.S.C. § 7408 against Irwin Schiff and associates Cynthia Neun and Lawrence Cohen against the sale of this book by those persons as the court found that the information it contains is fraudulent.[301],,
United States,<NA>,Operation Dark Heart (2010) – oop,Army Reserve Lt. Col. Anthony Shaffer,2010,<NA>,"In 2013, 198 of 433 redactions of classified material reinstated. In 2015, testimony to Congress was permitted.",Memoir,"In September 2010, the United States Department of Defense (DoD) overrode the Army's January approval for publication. The DoD then purchased and destroyed all 9,500 first edition copies, citing concerns that it contained classified information which could damage national security. The publisher, St. Martin's Press,[302] in conjunction with the DoD created a second, redacted edition; which contains blacked out words, lines, paragraphs, and portions of the index.[303]",,
Uruguay,<NA>,The Open Veins of Latin America,Eduardo Galeano,1971,<NA>,<NA>,Non‑fiction,,,
Uzbekistan,<NA>,Works,Hamid Ismailov,–,<NA>,<NA>,"Novels, poems, journalist writing",Author in exile since 1994 and all his works are banned for being critical of the government.[304][305][306],,
Uzbekistan,<NA>,La İlahe İllallah Ne Demek Biliyor musun?,Faruk Furkan,-,<NA>,<NA>,"Religious, islam",Contains ideas of extremism and terrorism[307],,
Uzbekistan,<NA>,Demokratiya - bu dindir!,Abu Muhammad Maqdisiy,-,<NA>,<NA>,"Religious, islam",Contains ideas of extremism and terrorism[307],,
Vietnam,<NA>,Animal Farm,George Orwell,1945,<NA>,<NA>,Political commentary,"Vietnamese translations are banned[308][309] on the grounds of ""promoting false socialism ideology"" [310]",,
Vietnam,<NA>,Nineteen Eighty-Four,George Orwell,1949,<NA>,<NA>,Political novella,"The book was unable to get certification for publication, thus making it banned in Vietnam.[308]",,
Vietnam,<NA>,"Mourning Headband for Hue: An Account of the Battle for Hue, Vietnam 1968 (Một lần nhân vật Mậu Thân trong “Giải Khăn Sô Cho Huế"")",Nhã Ca,1969,<NA>,<NA>,Non-fiction,The book was banned for its criticism of the actions of the national liberation front and for acknowledging the 1968 Huế massacre[311],,
Vietnam,<NA>,Paradise of the Blind,Dương Thu Hương,1988,<NA>,<NA>,"Novel, Literary fiction",Banned in Vietnam for criticism on the political party in control.[312],,
Vietnam,<NA>,No Man's Land,Dương Thu Hương,2005,<NA>,<NA>,"Novel, Literary fiction",Banned in Vietnam for criticism of the Vietnamese Communist Party.[313][314][315],,
Vietnam,<NA>,Politics for Everyone (Chính Trị Bình Dân),Phạm Đoan Trang,2017,<NA>,<NA>,Non-fiction,Banned in Vietnam on the grounds of political sensitivity.[316][317][318],,
Vietnam,<NA>,The Road To Serfdom,Friedrich Hayek,1944,<NA>,<NA>,Political philosophy,"Banned due to criticism of the socialist state, especially the planned economy which would inevitably lead to totalitarianism.[319][320]",,
Vietnam,<NA>,A Tale for 2000 (Chuyện Kể Năm 2000),Bùi Ngọc Tuấn,2000,<NA>,<NA>,Political commentary,"The author talked about his experience being imprisoned in a ""Vietnamese Gulag"" for ""Anti-revolutionary propaganda""[321] The book was banned with all copies ordered to be destroyed following the Decision No. 395 Regulation of the then Ministry of Culture and Information for violating Clauses 1 and 2 of the Article 33, Publishing Law which prohibits works criticising the Vietnamese Communist Party and propaganda going against the interests of the state.[322][323][324]",,
Vietnam,<NA>,The Winning Side (Bên Thắng Cuộc),Huy Đức,2012,<NA>,<NA>,Non-fiction,"Due to publications within Vietnam had refused to publish, the author decided to print himself and released it on Amazon. Although it has not been officially banned, the Vietnamese government had seized and question those who had them.[325][326][327][328] This book was considered to be significant as it has provided insights that scholars had never seen before, while it had received a lot of criticism from Vietnamese state media.[329][330]",,
Vietnam,<NA>,A Dusty Wind (Một Cơn Gió Bụi),Trần Trọng Kim,2017,<NA>,<NA>,"Biography, political commentary","Banned in Vietnam for being ""inappropriate, not objective, and containing unverified information"" thus violating the Vietnamese Publishing Law, which tends to happen to the biographies of historical characters deemed to be ""controversial""[a] by the government.[331][332][333]",,
Yugoslavia,<NA>,The Nickel‑Plated-Feet Gang During the Occupation (Les Pieds nickelés dans le maquis),Successors of Louis Forton,1879–1934,<NA>,<NA>,Comic book,Banned in Yugoslavia by court order in 1945.[334],,
Yugoslavia,<NA>,About a Silence in Literature,Živorad Stojković,,<NA>,<NA>,Essay,Banned in Yugoslavia by court order in 1951.[334][citation needed],,
Yugoslavia,<NA>,The New Class: An Analysis of the Communist System (1957),Milovan Đilas,1957,<NA>,<NA>,,"Banned in Yugoslavia by court order in 1957; author sentenced for enemy propaganda to seven years in prison, prolonged to 13 years in 1962.[335]",,
Yugoslavia,<NA>,Curved River,Živojin Pavlović,1963,<NA>,<NA>,Story collection,In 1963 in Yugoslavia withdrawn by the publisher (Nolit) at request of SDB officials.[335],,
Yugoslavia,<NA>,Dictionary of Modern Serbo-Croatian Language,Miloš Moskovljević,,<NA>,<NA>,Dictionary,"Banned in Yugoslavia by court order in 1966, at request of Mirko Tepavac, because ""some definitions can cause disturbance among citizens"".[335]",,
Yugoslavia,<NA>,A Message to Man and Humanity,Aleksandar Cvetković,,<NA>,<NA>,,"Banned in Yugoslavia by court order in 1967 for ""false and wicked claims, and enemy propaganda that supports pro-Chinese politics"".[335]",,
Yugoslavia,<NA>,On Fierce Wound – Fierce Herb,Ratko Zakić,,<NA>,<NA>,,"Withdrawn from sales and destroyed after the decision of the Municipal Committee of the League of Communists of Kraljevo in Kraljevo, Yugoslavia in 1967.[335]",,
Yugoslavia,<NA>,Thoughts of a Corpse,Prvoslav Vujčić,,<NA>,<NA>,Poems,Banned in Yugoslavia by court order in 1983; republished in 2004.[334],,
Yugoslavia,<NA>,Storytellers II,Boško Novaković,,<NA>,<NA>,Short stories,Withdrawn from print in Yugoslavia in 1964 because it contained stories by Dragiša Vasić.[335],,
Yugoslavia,<NA>,Castration of the Wind,Prvoslav Vujčić,,<NA>,<NA>,Poems,Written in Tuzla prison in 1984. Banned in Yugoslavia by court order in 1984; republished in 2005.[334],,
